[
  {
    "title": "SABATO' 07 FEBBRAIO 2026 - GENOVA",
    "date": "07 FEBBRAIO 2026",
    "time": "16:30",
    "location": "GENOVA",
    "venue": "Circolo Zenzero",
    "address": "Via Torti 35 - Genova",
    "description": "Referendum Perchè votare NO",
    "image_path": "uploads/locandina_1.png",
    "added_on": "2026-02-06",
    "is_new": false
  },
  {
    "title": "SABATO' 07 FEBBRAIO 2026 - PEGLI",
    "date": "07 FEBBRAIO 2026",
    "time": "10:00",
    "location": "PEGLI",
    "venue": "A.N.P.I. Pegli ",
    "address": "Via Pallavicini 5 - Pegli - Genova ",
    "description": "incontro sulla riforma della Giustizia ",
    "image_path": "uploads/locandina_2.png",
    "added_on": "2026-02-06",
    "is_new": false
  },
  {
    "title": "LUNEDI' 09 FEBBRAIO 2026 - GENOVA",
    "date": "09 FEBBRAIO 2026",
    "time": "17:30",
    "location": "GENOVA",
    "venue": "Circolo PD San Fruttuoso",
    "address": " Via Terralba, 2r - Genova",
    "description": "incontro sulla riforma della Giustizia ",
    "image_path": "uploads/locandina_4.png",
    "added_on": "2026-02-06",
    "is_new": false
  },
  {
    "title": "GIOVEDI' 12 FEBBRAIO 2026 - PIGNONE",
    "date": "12 FEBBRAIO 2026",
    "location": "PIGNONE",
    "description": "incontro sulla riforma della Giustizia ",
    "time": "17:30",
    "venue": "Tana del Consiglio Comunale",
    "address": "Pignone - La Spezia",
    "image_path": "uploads/locandina_13.png",
    "added_on": "2026-02-05"
  },
  {
    "title": "GIOVEDI' 12 FEBBRAIO 2026 - FOLLO",
    "date": "12 FEBBRAIO 2026",
    "location": "FOLLO",
    "description": "incontro sulla riforma della Giustizia",
    "time": "18:00",
    "venue": "Struttura Pubblica",
    "address": "Follo – La Spezia",
    "image_path": "uploads/locandina_14.png",
    "added_on": "2026-02-05"
  },
  {
    "title": "GIOVEDI' 12 FEBBRAIO 2026 - CARCARE",
    "date": "12 FEBBRAIO 2026",
    "location": "CARCARE",
    "description": "incontro sulla riforma della Giustizia",
    "time": "18:30",
    "venue": "Centro Polifunzionale 1° Piano",
    "address": "via del Collegio - Carcare - Savona",
    "image_path": "uploads/locandina_15.png",
    "added_on": "2026-02-05"
  },
  {
    "title": "GIOVEDI' 12 FEBBRAIO 2026 - GENOVA",
    "date": "12 FEBBRAIO 2026",
    "time": "17:00",
    "location": "GENOVA",
    "venue": "Sala Muniziere  - Palazzo Ducale",
    "address": "Piazza Giacomo Matteotti, 9, Genova",
    "description": "incontro sulla riforma della Giustizia ",
    "image_path": "uploads/locandina_5.png",
    "added_on": "2026-02-06",
    "is_new": false
  },
  {
    "title": "GIOVEDI' 12 FEBBRAIO 2026 - GENOVA",
    "date": "12 FEBBRAIO 2026",
    "time": "17.30",
    "location": "GENOVA",
    "venue": "Capolungo",
    "address": "via Aurelia n. 32 - Genova-Capolungo ",
    "description": "incontro sulla riforma della Giustizia ",
    "image_path": "uploads/locandina_15.png",
    "added_on": "2026-02-06",
    "is_new": false
  },
  {
    "title": "VENERDI' 13 FEBBRAIO 2026 - GENOVA",
    "date": "13 FEBBRAIO 2026",
    "location": "GENOVA",
    "description": "incontro sulla riforma della Giustizia ",
    "time": "18:30",
    "venue": "CIRCOLO ARCI PERUGINA ",
    "address": "via Piombelli 15 - Genova",
    "image_path": "uploads/locandina_16.png",
    "added_on": "2026-02-05"
  },
  {
    "title": "SABATO' 14 FEBBRAIO 2026 - SANREMO",
    "date": "14 FEBBRAIO 2026",
    "time": "17:00",
    "location": "SANREMO",
    "venue": "Sala Federazione Operaia Sanremese",
    "address": "Via  F. Corradi , 47, Sanremo",
    "description": "dibattito aperto alla cittadinanza sull'importanza del voto e sull'indipendenza della Magistratura",
    "image_path": "uploads/WhatsApp Image 2.jpeg",
    "added_on": "2026-02-05"
  },
  {
    "title": "DOMENICA 15 FEBBRAIO 2026 - TRESANA",
    "date": "15 FEBBRAIO 2026",
    "time": "17:00",
    "location": "TRESANA",
    "venue": "ristorante San Quirico barbarasco",
    "address": "Via Roma 193 - Tresana - Massa ",
    "description": "discutiamo di Referendum Giustizia",
    "image_path": "uploads/WhatsApp Image 3.jpeg",
    "added_on": "2026-02-05"
  },
  {
    "title": "LUNEDI' 16 FEBBRAIO 2026 - GENOVA",
    "date": "16 FEBBRAIO 2026",
    "location": "GENOVA",
    "description": "incontro sulla riforma della Giustizia",
    "time": "17:00",
    "venue": "Circolo ARCI 1 Maggio - Sala del Maniman",
    "address": "Salita San Nicolò 35 - Genova",
    "image_path": "uploads/locandina_17.png",
    "added_on": "2026-02-05"
  },
  {
    "title": "LUNEDI' 16 FEBBRAIO 2026 - SARZANA",
    "date": "16 FEBBRAIO 2026",
    "time": "21:00",
    "location": "SARZANA",
    "venue": "Casa del Mutilato",
    "address": "via Landinelli 88 - Sarzana",
    "description": "incontro sulla riforma della Giustizia",
    "image_path": "uploads/WhatsApp Image 7.jpeg",
    "added_on": "2026-02-05"
  },
  {
    "title": "MARTEDI' 17 FEBBRAIO 2026 - GENOVA",
    "date": "17 FEBBRAIO 2026",
    "location": "GENOVA",
    "description": "incontro sulla riforma della Giustizia presso Cinema America",
    "time": "20:45",
    "venue": "Cinema America",
    "address": "Via Colombo 11 – Genova",
    "image_path": "uploads/locandina_18.png",
    "added_on": "2026-02-05"
  },
  {
    "title": "MERCOLEDI' 18 FEBBRAIO 2026 - BRUGNATO",
    "date": "18 FEBBRAIO 2026",
    "time": "17:30",
    "location": "BRUGNATO",
    "venue": "Sala Centro Congressi",
    "address": "Brugnato La Spezia",
    "description": "incontro sulla riforma della Giustizia",
    "image_path": "uploads/WhatsApp Image 5.jpeg",
    "added_on": "2026-02-05"
  },
  {
    "title": "GIOVEDI' 19 FEBBRAIO 2026 - VADO LIGURE",
    "date": "19 FEBBRAIO 2026",
    "time": "20:30",
    "location": " VADO LIGURE",
    "venue": "Casa della Memoria",
    "address": "Piazza Corradini, 8 - Vado Ligure - Savona",
    "description": "incontro sulla riforma della Giustizia ",
    "image_path": "uploads/locandina_7.png",
    "added_on": "2026-02-06",
    "is_new": false
  },
  {
    "title": "VENERDI' 20 FEBBRAIO 2026 - GENOVA TRASTA",
    "date": "20 FEBBRAIO 2026",
    "time": "20:30",
    "location": "GENOVA TRASTA",
    "venue": "CIRCOLO ARCI BARABINI DI TRASTA",
    "address": "Salita Cà dei Trenta, 3 - Trasta - Genova",
    "description": "incontro sulla riforma della Giustizia ",
    "image_path": "uploads/locandina_9.png",
    "added_on": "2026-02-06",
    "is_new": false
  },
  {
    "title": "SABATO' 21 FEBBRAIO 2026 - CASOLA IN LUNIGIANA",
    "date": "21 FEBBRAIO 2026",
    "time": "10:30",
    "location": "CASOLA IN LUNIGIANA",
    "venue": "sala del Consiglio Comunale",
    "address": "Casola in Lunigiana Massa",
    "description": "incontro sulla riforma della Giustizia",
    "image_path": "uploads/WhatsApp Image 13.jpeg",
    "added_on": "2026-02-05"
  },
  {
    "title": "SABATO' 21 FEBBRAIO 2026 - CHIAVARI",
    "date": "21 FEBBRAIO 2026",
    "time": "17:30",
    "location": "CHIAVARI",
    "venue": "Auditorium di Largo Pessagno",
    "address": "Chiavari - Genova ",
    "description": "incontro sulla riforma della Giustizia ",
    "image_path": "uploads/locandina_10.png",
    "added_on": "2026-02-06",
    "is_new": false
  },
  {
    "title": "LUNEDI' 23 FEBBRAIO 2026 - SARZANA",
    "date": "23 FEBBRAIO 2026",
    "time": "18:00",
    "location": "SARZANA",
    "venue": "centro sociale San Lazzaro",
    "address": "Piazza Parmeggiani - Sarzana - La Spezia",
    "description": "incontro sulla riforma della Giustizia",
    "image_path": "uploads/WhatsApp Image 8.jpeg",
    "added_on": "2026-02-05"
  },
  {
    "title": "VENERDI' 27 FEBBRAIO 2026 - VARAZZE",
    "date": "27 FEBBRAIO 2026",
    "time": "20:30",
    "location": "VARAZZE",
    "venue": "Palazzo Beato Jacopo",
    "address": "Varazze - Savona",
    "description": "incontro sulla riforma della Giustizia",
    "image_path": "uploads/WhatsApp Image 10.jpeg",
    "added_on": "2026-02-05"
  },
  {
    "title": "VENERDI' 27 FEBBRAIO 2026 - NERVI",
    "date": "27 FEBBRAIO 2026",
    "time": "18:00 ",
    "location": "NERVI",
    "venue": "Chiesa San Siro ",
    "address": "Viale Franchini - Nervi - Genova ",
    "description": "incontro sulla riforma della Giustizia ",
    "image_path": "uploads/locandina_11.png",
    "added_on": "2026-02-06",
    "is_new": false
  },
  {
    "title": "SABATO' 28 FEBBRAIO 2026 - LA SPEZIA",
    "date": "28 FEBBRAIO 2026",
    "time": "17:30",
    "location": "LA SPEZIA",
    "venue": "circolo Arci Valdellora",
    "address": "Via Galvani 135 - La Spezia ",
    "description": "incontro sulla riforma della Giustizia",
    "image_path": "uploads/WhatsApp Image 16.jpeg",
    "added_on": "2026-02-05"
  },
  {
    "title": "DOMENICA 01 MARZO 2026 - SARZANA",
    "date": "01 MARZO 2026",
    "time": "17:30",
    "location": "SARZANA",
    "venue": "circolo Arci nave",
    "address": "Sarzana - La Spezia",
    "description": "incontro sulla riforma della Giustizia",
    "image_path": "uploads/WhatsApp Image 6.jpeg",
    "added_on": "2026-02-05"
  },
  {
    "title": "MARTEDI' 03 MARZO 2026 - LAVAGNA",
    "date": "03 MARZO 2026",
    "time": "14:30",
    "location": "LAVAGNA",
    "venue": "Auditorium G.B. Campodonico",
    "address": "Lavagna - Genova",
    "description": "incontro sulla riforma della Giustizia",
    "image_path": "uploads/WhatsApp Image 12.jpeg",
    "added_on": "2026-02-05"
  },
  {
    "title": "VENERDI' 06 MARZO 2026 - ISOLA DEL CANTONE",
    "date": "06 MARZO 2026",
    "time": "20:30",
    "location": "ISOLA DEL CANTONE",
    "venue": "ex palestra",
    "address": "Piazza V. Veneto - Isola del Cantone - Genova ",
    "description": "incontro sulla riforma della Giustizia",
    "image_path": "uploads/WhatsApp Image 15.jpeg",
    "added_on": "2026-02-05"
  },
  {
    "title": "VENERDI' 06 MARZO 2026 - DIANO MARINA",
    "date": "06 MARZO 2026",
    "time": "17:30",
    "location": "DIANO MARINA",
    "venue": "Sala Polifunzionale Don Piana",
    "address": "via Lombardi e Rossignoli n. 37 - Diano Marina  - Imperia ",
    "description": "incontro sulla riforma della Giustizia ",
    "image_path": "uploads/locandina_12.png",
    "added_on": "2026-02-06",
    "is_new": false
  },
  {
    "title": "GIOVEDI' 12 MARZO 2026 - SARZANA",
    "date": "12 MARZO 2026",
    "time": "21:00",
    "location": "SARZANA",
    "venue": "Circolo Arci Grisei",
    "address": "vicolo Turi 61 . Sarzana - La Spezia",
    "description": "incontro sulla riforma della Giustizia",
    "image_path": "uploads/WhatsApp Image 9.jpeg",
    "added_on": "2026-02-05"
  },
  {
    "title": "DOMENICA 15 MARZO 2026 - CAMOGLI",
    "date": "15 MARZO 2026",
    "time": "10:30",
    "location": "CAMOGLI",
    "venue": "Hotel Cenobio dei Dogi, Sala Cassiopea",
    "address": "Via Nicolò Cuneo, 34 Camogli",
    "description": "incontro sulla riforma della Giustizia",
    "image_path": "uploads/WhatsApp Image 14.jpeg",
    "added_on": "2026-02-05"
  },
  {
    "title": "MARTEDI' 17 MARZO 2026 - GENOVA",
    "date": "17 MARZO 2026",
    "time": "18:00",
    "location": "GENOVA",
    "venue": "ARCIDIOCESI Chiesa di Genova",
    "address": "Piazza Santa Marta, 2  Genova ",
    "description": "Percorso di formazione politica martedì 17 marzo",
    "image_path": "uploads/locandina_14.png",
    "added_on": "2026-02-06",
    "is_new": false
  },
  {
    "title": "LUNEDI' 09 MARZO 2026 - BOGLIASCO",
    "date": "09 MARZO 2026",
    "time": "20.30 ",
    "location": "BOGLIASCO",
    "venue": "sala comunale Berto Ferrari",
    "address": "Via Inferiore Angelo Vaglio - Bogliasco - Genova ",
    "description": "incontro sulla riforma della Giustizia ",
    "image_path": "uploads/locandina_13.png",
    "added_on": "2026-02-06",
    "is_new": false
  }
]