[
  {
    "title": "SABATO' 07 FEBBRAIO 2026 - GENOVA",
    "date": "07 FEBBRAIO 2026",
    "time": "16:30",
    "location": "GENOVA",
    "venue": "Circolo Zenzero",
    "address": "Via Torti 35 - Genova",
    "description": "Referendum Perchè votare NO",
    "image_path": "uploads/locandina_1.png",
    "added_on": "2026-02-06",
    "is_new": false
  },
  {
    "title": "SABATO' 07 FEBBRAIO 2026 - PEGLI",
    "date": "07 FEBBRAIO 2026",
    "time": "10:00",
    "location": "PEGLI",
    "venue": "A.N.P.I. Pegli ",
    "address": "Via Pallavicini 5 - Pegli - Genova ",
    "description": "incontro sulla riforma della Giustizia ",
    "image_path": "uploads/locandina_2.png",
    "added_on": "2026-02-06",
    "is_new": false
  },
  {
    "title": "DOMENICA 08 FEBBRAIO 2026 - MASSA CARRARA",
    "date": "08 FEBBRAIO 2026",
    "time": "17:15",
    "location": "MASSA CARRARA",
    "venue": " Sala Autorità Portuale",
    "address": "viale Cristoforo Colombo 6 - Massa Carrara",
    "description": "Incontro pubblico sul REFERENDUM GIUSTIZIA ",
    "image_path": "uploads/massaCarrara.JPG",
    "added_on": "2026-02-06",
    "is_new": false
  },
  {
    "title": "LUNEDI' 09 FEBBRAIO 2026 - GENOVA",
    "date": "09 FEBBRAIO 2026",
    "time": "17:30",
    "location": "GENOVA",
    "venue": "Circolo PD San Fruttuoso",
    "address": " Via Terralba, 2r - Genova",
    "description": "incontro sulla riforma della Giustizia ",
    "image_path": "uploads/locandina_4.png",
    "added_on": "2026-02-06",
    "is_new": false
  },
  {
    "title": "MARTEDI' 10 FEBBRAIO 2026 - SANTA MARGHERITA",
    "date": "10 FEBBRAIO 2026",
    "time": "18:00",
    "location": "SANTA MARGHERITA",
    "venue": "Circolo Arci Orchidea",
    "address": "via delle Rocche 31 - Santa Margherita - Genova",
    "description": "incontro sulla riforma della Giustizia",
    "image_path": "uploads/ArciOrchidea.jpg",
    "added_on": "2026-02-06",
    "is_new": false
  },
  {
    "title": "MARTEDI' 10 FEBBRAIO 2026 - GENOVA",
    "date": "10 FEBBRAIO 2026",
    "time": "17:00",
    "location": "GENOVA",
    "venue": " Centro Banchi - ANPI CENTRO EST",
    "address": "Vico delle Compere 26 - Genova",
    "description": "incontro sulla riforma della Giustizia",
    "image_path": "uploads/centroBanchi.jpg",
    "added_on": "2026-02-06",
    "is_new": false
  },
  {
    "title": "MERCOLEDI' 11 FEBBRAIO 2026 - IMPERIA",
    "date": "11 FEBBRAIO 2026",
    "time": "18:00",
    "location": "IMPERIA",
    "venue": "CHILLOUT Zone ",
    "address": " Calata Cuneo 67 - Imperia",
    "description": "aperiNO",
    "image_path": "uploads/calataCuneo.JPG",
    "added_on": "2026-02-06",
    "is_new": false
  },
  {
    "title": "GIOVEDI' 12 FEBBRAIO 2026 - PIGNONE",
    "date": "12 FEBBRAIO 2026",
    "location": "PIGNONE",
    "description": "incontro sulla riforma della Giustizia ",
    "time": "17:30",
    "venue": "Tana del Consiglio Comunale",
    "address": "Pignone - La Spezia",
    "image_path": "uploads/locandina_13_pignone.png",
    "added_on": "2026-02-05"
  },
  {
    "title": "GIOVEDI' 12 FEBBRAIO 2026 - FOLLO",
    "date": "12 FEBBRAIO 2026",
    "location": "FOLLO",
    "description": "incontro sulla riforma della Giustizia",
    "time": "18:00",
    "venue": "Struttura Pubblica",
    "address": "Follo – La Spezia",
    "image_path": "uploads/locandina_14_follo.png",
    "added_on": "2026-02-05"
  },
  {
    "title": "GIOVEDI' 12 FEBBRAIO 2026 - CARCARE",
    "date": "12 FEBBRAIO 2026",
    "location": "CARCARE",
    "description": "incontro sulla riforma della Giustizia",
    "time": "18:30",
    "venue": "Centro Polifunzionale 1° Piano",
    "address": "via del Collegio - Carcare - Savona",
    "image_path": "uploads/locandina_15_carcare.png",
    "added_on": "2026-02-05"
  },
  {
    "title": "GIOVEDI' 12 FEBBRAIO 2026 - GENOVA",
    "date": "12 FEBBRAIO 2026",
    "time": "17:00",
    "location": "GENOVA",
    "venue": "Sala Muniziere  - Palazzo Ducale",
    "address": "Piazza Giacomo Matteotti, 9, Genova",
    "description": "incontro sulla riforma della Giustizia ",
    "image_path": "uploads/locandina_5.png",
    "added_on": "2026-02-06",
    "is_new": false
  },
  {
    "title": "GIOVEDI' 12 FEBBRAIO 2026 - GENOVA",
    "date": "12 FEBBRAIO 2026",
    "time": "17.30",
    "location": "GENOVA",
    "venue": "Capolungo",
    "address": "via Aurelia n. 32 - Capolungo - Genova",
    "description": "incontro sulla riforma della Giustizia ",
    "image_path": "uploads/locandina_15.png",
    "added_on": "2026-02-06",
    "is_new": false
  },
  {
    "title": "GIOVEDI' 12 FEBBRAIO 2026 - GENOVA",
    "date": "12 FEBBRAIO 2026",
    "time": "18:00",
    "location": "GENOVA",
    "venue": "Sala consiliare del Municipio IV Media Val Bisagno",
    "address": "Piazza dell' Olmo, 3 (primo piano) - Genova",
    "description": "L'ASSOCIAZIONE AMICI DI PONTE CARREGA - INVITA CITTADINANZA PARTECIPARE INCONTRO LA ALL REFERENDUM GIUSTIZIA ",
    "image_path": "uploads/ponteCarrega.jpg",
    "added_on": "2026-02-06",
    "is_new": false
  },
  {
    "title": "GIOVEDI' 12 FEBBRAIO 2026 - SAVONA",
    "date": "12 FEBBRAIO 2026",
    "time": "18:00",
    "location": "SAVONA",
    "venue": "Sala Rossa del Comune ",
    "address": "Savona ",
    "description": "incontro sulla riforma della Giustizia con Roberto Settembre ",
    "image_path": "uploads/RobertoSettembre.jpg",
    "added_on": "2026-02-06",
    "is_new": false
  },
  {
    "title": "VENERDI' 13 FEBBRAIO 2026 - GENOVA",
    "date": "13 FEBBRAIO 2026",
    "time": "18.30",
    "location": "GENOVA",
    "venue": "Circolo ARCI PERUGINA",
    "address": "via Piombelli 15 - Genova ",
    "description": "incontro sulla riforma della Giustizia ",
    "image_path": "uploads/locandina_16.png",
    "added_on": "2026-02-06",
    "is_new": false
  },
  {
    "title": "VENERDI' 13 FEBBRAIO 2026 - GENOVA",
    "date": "13 FEBBRAIO 2026",
    "time": "17:00",
    "location": "GENOVA",
    "venue": "CIRCOLO ANPI PROV. GENOVA ",
    "address": "Via Digione 50 r - Genova",
    "description": "incontro sulla riforma della Giustizia",
    "image_path": "uploads/ViaDigione.png",
    "added_on": "2026-02-06",
    "is_new": false
  },
  {
    "title": "VENERDI' 13 FEBBRAIO 2026 - GENOVA",
    "date": "13 FEBBRAIO 2026",
    "time": "17:30",
    "location": "GENOVA",
    "venue": " BI. BI. SERVICE",
    "address": "VIA XX SETTEMBRE, 41/3P - Genova",
    "description": "DIALOGO SULLE RICADUTE CONCRETE CONDIVISA DEL REFERENDUM COSTITUZIONALE ",
    "image_path": "uploads/BiBiService.JPG",
    "added_on": "2026-02-06",
    "is_new": false
  },
  {
    "title": "VENERDI' 13 FEBBRAIO 2026 - SAVONA",
    "date": "13 FEBBRAIO 2026",
    "time": "16:00",
    "location": "SAVONA",
    "venue": "Sala Espositiva \"Caduti di Nassiriya\"",
    "address": "via IV Novembre - Savona",
    "description": "incontro informativo aperto a tutti sui contenuti del referendum Giustizia",
    "image_path": "uploads/nassyriaSavona.jpg",
    "added_on": "2026-02-06",
    "is_new": false
  },
  {
    "title": "VENERDI' 13 FEBBRAIO 2026 - GENOVA",
    "date": "13 FEBBRAIO 2026",
    "time": "15:00",
    "location": "GENOVA",
    "venue": " Ordine degli Avvocati di Genova",
    "address": "Via XII Ottobre, 3 - Genova",
    "description": "CONVEGNO REFERENDUM COSTITUZIONALE SULLA RIFORMA DELLA GIUSTIZIA ",
    "image_path": "uploads/unioneGiuristiCattolici.jpg",
    "added_on": "2026-02-06",
    "is_new": false
  },
  {
    "title": "SABATO' 14 FEBBRAIO 2026 - SANREMO",
    "date": "14 FEBBRAIO 2026",
    "time": "17:00",
    "location": "SANREMO",
    "venue": "Sala Federazione Operaia Sanremese",
    "address": "Via  F. Corradi , 47, Sanremo - Imperia",
    "description": "dibattito aperto alla cittadinanza sull'importanza del voto e sull'indipendenza della Magistratura",
    "image_path": "uploads/WhatsApp Image 2.jpeg",
    "added_on": "2026-02-05"
  },
  {
    "title": "DOMENICA 15 FEBBRAIO 2026 - TRESANA",
    "date": "15 FEBBRAIO 2026",
    "time": "17:00",
    "location": "TRESANA",
    "venue": "ristorante San Quirico barbarasco",
    "address": "Via Roma 193 - Tresana - Massa ",
    "description": "discutiamo di Referendum Giustizia",
    "image_path": "uploads/WhatsApp Image 3.jpeg",
    "added_on": "2026-02-05"
  },
  {
    "title": "LUNEDI' 16 FEBBRAIO 2026 - GENOVA",
    "date": "16 FEBBRAIO 2026",
    "location": "GENOVA",
    "description": "incontro sulla riforma della Giustizia",
    "time": "17:00",
    "venue": "Circolo ARCI 1 Maggio - Sala del Maniman",
    "address": "Salita San Nicolò 35 - Genova",
    "image_path": "uploads/locandina_17.png",
    "added_on": "2026-02-05"
  },
  {
    "title": "LUNEDI' 16 FEBBRAIO 2026 - SARZANA",
    "date": "16 FEBBRAIO 2026",
    "time": "21:00",
    "location": "SARZANA",
    "venue": "Casa del Mutilato",
    "address": "via Landinelli 88 - Sarzana - La Spezia",
    "description": "incontro sulla riforma della Giustizia",
    "image_path": "uploads/WhatsApp Image 7.jpeg",
    "added_on": "2026-02-05"
  },
  {
    "title": "MARTEDI' 17 FEBBRAIO 2026 - GENOVA",
    "date": "17 FEBBRAIO 2026",
    "location": "GENOVA",
    "description": "incontro sulla riforma della Giustizia presso Cinema America",
    "time": "20:45",
    "venue": "Cinema America",
    "address": "Via Colombo 11 – Genova",
    "image_path": "uploads/locandina_18.png",
    "added_on": "2026-02-05"
  },
  {
    "title": "MARTEDI' 17 FEBBRAIO 2026 - GENOVA",
    "date": "17 FEBBRAIO 2026",
    "time": "21:00",
    "location": "GENOVA",
    "venue": "Salone dei Banchi - Residenza delle Peschiere",
    "address": "Via Giuseppe Parini, 5 - Genova ",
    "description": "incontro sulla riforma della Giustizia",
    "image_path": "uploads/banchiResidenza.jpg",
    "added_on": "2026-02-06",
    "is_new": false
  },
  {
    "title": "MERCOLEDI' 18 FEBBRAIO 2026 - BRUGNATO",
    "date": "18 FEBBRAIO 2026",
    "time": "17:30",
    "location": "BRUGNATO",
    "venue": "Sala Centro Congressi",
    "address": "Brugnato - La Spezia",
    "description": "incontro sulla riforma della Giustizia",
    "image_path": "uploads/WhatsApp Image 5.jpeg",
    "added_on": "2026-02-05"
  },
  {
    "title": "MERCOLEDI' 18 FEBBRAIO 2026 - IMPERIA",
    "date": "18 FEBBRAIO 2026",
    "time": "18:00",
    "location": "IMPERIA",
    "venue": "BAR 11",
    "address": "Piazza E. De Amicis 11 - Imperia",
    "description": "aperiNO",
    "image_path": "uploads/bar11.JPG",
    "added_on": "2026-02-06",
    "is_new": false
  },
  {
    "title": "MERCOLEDI' 18 FEBBRAIO 2026 - SAVONA",
    "date": "18 FEBBRAIO 2026",
    "time": "18:00",
    "location": "SAVONA",
    "venue": "Sala Rossa del Comune ",
    "address": "Savona",
    "description": "incontro sulla riforma della Giustizia",
    "image_path": "uploads/sansa.PNG",
    "added_on": "2026-02-06",
    "is_new": false
  },
  {
    "title": "GIOVEDI' 19 FEBBRAIO 2026 - VADO LIGURE",
    "date": "19 FEBBRAIO 2026",
    "time": "20:30",
    "location": " VADO LIGURE",
    "venue": "Casa della Memoria",
    "address": "Piazza Corradini, 8 - Vado Ligure - Savona",
    "description": "incontro sulla riforma della Giustizia ",
    "image_path": "uploads/locandina_7.png",
    "added_on": "2026-02-06",
    "is_new": false
  },
  {
    "title": "VENERDI' 20 FEBBRAIO 2026 - GENOVA TRASTA",
    "date": "20 FEBBRAIO 2026",
    "time": "20:30",
    "location": "GENOVA",
    "venue": "CIRCOLO ARCI BARABINI DI TRASTA",
    "address": "Salita Cà dei Trenta, 3 - Trasta - Genova",
    "description": "incontro sulla riforma della Giustizia ",
    "image_path": "uploads/locandina_9.png",
    "added_on": "2026-02-06",
    "is_new": false
  },
  {
    "title": "SABATO' 21 FEBBRAIO 2026 - CASOLA IN LUNIGIANA",
    "date": "21 FEBBRAIO 2026",
    "time": "10:30",
    "location": "CASOLA IN LUNIGIANA",
    "venue": "sala del Consiglio Comunale",
    "address": "Casola in Lunigiana - Massa",
    "description": "incontro sulla riforma della Giustizia",
    "image_path": "uploads/WhatsApp Image 13.jpeg",
    "added_on": "2026-02-05"
  },
  {
    "title": "LUNEDI' 23 FEBBRAIO 2026 - SARZANA",
    "date": "23 FEBBRAIO 2026",
    "time": "18:00",
    "location": "SARZANA",
    "venue": "centro sociale San Lazzaro",
    "address": "Piazza Parmeggiani - Sarzana - La Spezia",
    "description": "incontro sulla riforma della Giustizia",
    "image_path": "uploads/WhatsApp Image 8.jpeg",
    "added_on": "2026-02-05"
  },
  {
    "title": "LUNEDI' 23 FEBBRAIO 2026 - GENOVA",
    "date": "23 FEBBRAIO 2026",
    "time": "17:30",
    "location": "GENOVA",
    "venue": "associazione Le Radici e Le Ali",
    "address": "via Giustiniani 12/4 Genova",
    "description": "incontro sulla riforma della Giustizia",
    "image_path": "uploads/LeRadici.png",
    "added_on": "2026-02-06",
    "is_new": false
  },
  {
    "title": "MARTEDI' 24 FEBBRAIO 2026 - SAVONA",
    "date": "24 FEBBRAIO 2026",
    "time": "18:00",
    "location": "SAVONA",
    "venue": "Sala Rossa del Comune",
    "address": "Savona",
    "description": "incontro sulla riforma della Giustizia",
    "image_path": "uploads/PietroGrasso.jpg",
    "added_on": "2026-02-06",
    "is_new": false
  },
  {
    "title": "VENERDI' 27 FEBBRAIO 2026 - VARAZZE",
    "date": "27 FEBBRAIO 2026",
    "time": "20:30",
    "location": "VARAZZE",
    "venue": "Palazzo Beato Jacopo",
    "address": "Varazze - Savona",
    "description": "incontro sulla riforma della Giustizia",
    "image_path": "uploads/WhatsApp Image 10.jpeg",
    "added_on": "2026-02-05"
  },
  {
    "title": "VENERDI' 27 FEBBRAIO 2026 - NERVI",
    "date": "27 FEBBRAIO 2026",
    "time": "18:00 ",
    "location": "NERVI",
    "venue": "Chiesa San Siro ",
    "address": "Viale Franchini - Nervi - Genova ",
    "description": "incontro sulla riforma della Giustizia ",
    "image_path": "uploads/locandina_11.png",
    "added_on": "2026-02-06",
    "is_new": false
  },
  {
    "title": "SABATO' 28 FEBBRAIO 2026 - LA SPEZIA",
    "date": "28 FEBBRAIO 2026",
    "time": "17:30",
    "location": "LA SPEZIA",
    "venue": "circolo Arci Valdellora",
    "address": "Via Galvani 135 - La Spezia ",
    "description": "incontro sulla riforma della Giustizia",
    "image_path": "uploads/WhatsApp Image 16.jpeg",
    "added_on": "2026-02-05"
  },
  {
    "title": "SABATO' 28 FEBBRAIO 2026 - CHIAVARI",
    "date": "28 FEBBRAIO 2026",
    "time": "17:00",
    "location": "CHIAVARI",
    "venue": "il bandolo ",
    "address": "Via Ravaschieri 15 - Chiavari -Genova",
    "description": "incontro sulla riforma della Giustizia",
    "image_path": "uploads/ilBandolo.JPG",
    "added_on": "2026-02-06",
    "is_new": false
  },
  {
    "title": "DOMENICA 01 MARZO 2026 - SARZANA",
    "date": "01 MARZO 2026",
    "time": "17:30",
    "location": "SARZANA",
    "venue": "circolo Arci nave",
    "address": "Sarzana - La Spezia",
    "description": "incontro sulla riforma della Giustizia",
    "image_path": "uploads/WhatsApp Image 6.jpeg",
    "added_on": "2026-02-05"
  },
  {
    "title": "MARTEDI' 03 MARZO 2026 - LAVAGNA",
    "date": "03 MARZO 2026",
    "time": "14:30",
    "location": "LAVAGNA",
    "venue": "Auditorium G.B. Campodonico",
    "address": "Lavagna - Genova",
    "description": "incontro sulla riforma della Giustizia",
    "image_path": "uploads/WhatsApp Image 12.jpeg",
    "added_on": "2026-02-05"
  },
  {
    "title": "VENERDI' 06 MARZO 2026 - ISOLA DEL CANTONE",
    "date": "06 MARZO 2026",
    "time": "20:30",
    "location": "ISOLA DEL CANTONE",
    "venue": "ex palestra",
    "address": "Piazza V. Veneto - Isola del Cantone - Genova ",
    "description": "incontro sulla riforma della Giustizia",
    "image_path": "uploads/WhatsApp Image 15.jpeg",
    "added_on": "2026-02-05"
  },
  {
    "title": "VENERDI' 06 MARZO 2026 - DIANO MARINA",
    "date": "06 MARZO 2026",
    "time": "17:30",
    "location": "DIANO MARINA",
    "venue": "Sala Polifunzionale Don Piana",
    "address": "via Lombardi e Rossignoli n. 37 - Diano Marina  - Imperia ",
    "description": "incontro sulla riforma della Giustizia ",
    "image_path": "uploads/locandina_12.png",
    "added_on": "2026-02-06",
    "is_new": false
  },
  {
    "title": "LUNEDI' 09 MARZO 2026 - BOGLIASCO",
    "date": "09 MARZO 2026",
    "time": "20.30 ",
    "location": "BOGLIASCO",
    "venue": "sala comunale Berto Ferrari",
    "address": "Via Inferiore Angelo Vaglio - Bogliasco - Genova ",
    "description": "incontro sulla riforma della Giustizia ",
    "image_path": "uploads/locandina_13.png",
    "added_on": "2026-02-06",
    "is_new": false
  },
  {
    "title": "MARTEDI' 10 MARZO 2026 - SAVONA",
    "date": "10 MARZO 2026",
    "time": "18:00",
    "location": "SAVONA",
    "venue": "Sala Rossa del Comune",
    "address": "Savona",
    "description": "incontro sulla riforma della Giustizia",
    "image_path": "uploads/ArmandoSpataro.jpg",
    "added_on": "2026-02-06",
    "is_new": false
  },
  {
    "title": "GIOVEDI' 12 MARZO 2026 - SARZANA",
    "date": "12 MARZO 2026",
    "time": "21:00",
    "location": "SARZANA",
    "venue": "Circolo Arci Grisei",
    "address": "vicolo Turi 61 . Sarzana - La Spezia",
    "description": "incontro sulla riforma della Giustizia",
    "image_path": "uploads/WhatsApp Image 9.jpeg",
    "added_on": "2026-02-05"
  },
  {
    "title": "DOMENICA 15 MARZO 2026 - CAMOGLI",
    "date": "15 MARZO 2026",
    "time": "10:30",
    "location": "CAMOGLI",
    "venue": "Hotel Cenobio dei Dogi, Sala Cassiopea",
    "address": "Via Nicolò Cuneo, 34 Camogli - Genova",
    "description": "incontro sulla riforma della Giustizia",
    "image_path": "uploads/WhatsApp Image 14.jpeg",
    "added_on": "2026-02-05"
  },
  {
    "title": "MARTEDI' 17 MARZO 2026 - GENOVA",
    "date": "17 MARZO 2026",
    "time": "18:00",
    "location": "GENOVA",
    "venue": "ARCIDIOCESI Chiesa di Genova",
    "address": "Piazza Santa Marta, 2  Genova ",
    "description": "Percorso di formazione politica martedì 17 marzo",
    "image_path": "uploads/locandina_14.png",
    "added_on": "2026-02-06",
    "is_new": false
  },
  {
    "title": "GIOVEDI' 19 MARZO 2026 - SAVONA",
    "date": "19 MARZO 2026",
    "time": "18:00",
    "location": "SAVONA",
    "venue": "Sala della Sibilla  - Priamar",
    "address": "Savona",
    "description": "incontro sulla riforma della Giustizia",
    "image_path": "uploads/GherardoColombo.jpg",
    "added_on": "2026-02-06",
    "is_new": false
  }
]